{
  "ABIRoot": {
    "kind": "Root",
    "name": "OPPWAMobile_MSA",
    "printedName": "OPPWAMobile_MSA",
    "children": [
      {
        "kind": "Import",
        "name": "Foundation",
        "printedName": "Foundation",
        "declKind": "Import",
        "moduleName": "OPPWAMobile_MSA",
        "declAttributes": [
          "RawDocComment"
        ]
      },
      {
        "kind": "Import",
        "name": "Foundation",
        "printedName": "Foundation",
        "declKind": "Import",
        "moduleName": "OPPWAMobile_MSA",
        "declAttributes": [
          "RawDocComment"
        ]
      },
      {
        "kind": "TypeDecl",
        "name": "OPPPaymentStatusResponse",
        "printedName": "OPPPaymentStatusResponse",
        "children": [
          {
            "kind": "Var",
            "name": "resultCode",
            "printedName": "resultCode",
            "children": [
              {
                "kind": "TypeNominal",
                "name": "String",
                "printedName": "Swift.String",
                "usr": "s:SS"
              }
            ],
            "declKind": "Var",
            "usr": "c:@M@OPPWAMobile_MSA@objc(cs)OPPPaymentStatusResponse(py)resultCode",
            "mangledName": "$s15OPPWAMobile_MSA24OPPPaymentStatusResponseC10resultCodeSSvp",
            "moduleName": "OPPWAMobile_MSA",
            "declAttributes": [
              "AccessControl",
              "ObjC"
            ],
            "accessors": [
              {
                "kind": "Accessor",
                "name": "Get",
                "printedName": "Get()",
                "children": [
                  {
                    "kind": "TypeNominal",
                    "name": "String",
                    "printedName": "Swift.String",
                    "usr": "s:SS"
                  }
                ],
                "declKind": "Accessor",
                "usr": "c:@M@OPPWAMobile_MSA@objc(cs)OPPPaymentStatusResponse(im)resultCode",
                "mangledName": "$s15OPPWAMobile_MSA24OPPPaymentStatusResponseC10resultCodeSSvg",
                "moduleName": "OPPWAMobile_MSA",
                "declAttributes": [
                  "ObjC"
                ],
                "accessorKind": "get"
              }
            ]
          },
          {
            "kind": "Var",
            "name": "resultDescription",
            "printedName": "resultDescription",
            "children": [
              {
                "kind": "TypeNominal",
                "name": "String",
                "printedName": "Swift.String",
                "usr": "s:SS"
              }
            ],
            "declKind": "Var",
            "usr": "c:@M@OPPWAMobile_MSA@objc(cs)OPPPaymentStatusResponse(py)resultDescription",
            "mangledName": "$s15OPPWAMobile_MSA24OPPPaymentStatusResponseC17resultDescriptionSSvp",
            "moduleName": "OPPWAMobile_MSA",
            "declAttributes": [
              "AccessControl",
              "ObjC"
            ],
            "accessors": [
              {
                "kind": "Accessor",
                "name": "Get",
                "printedName": "Get()",
                "children": [
                  {
                    "kind": "TypeNominal",
                    "name": "String",
                    "printedName": "Swift.String",
                    "usr": "s:SS"
                  }
                ],
                "declKind": "Accessor",
                "usr": "c:@M@OPPWAMobile_MSA@objc(cs)OPPPaymentStatusResponse(im)resultDescription",
                "mangledName": "$s15OPPWAMobile_MSA24OPPPaymentStatusResponseC17resultDescriptionSSvg",
                "moduleName": "OPPWAMobile_MSA",
                "declAttributes": [
                  "ObjC"
                ],
                "accessorKind": "get"
              }
            ]
          },
          {
            "kind": "Var",
            "name": "resultDetailsCardholderInfo",
            "printedName": "resultDetailsCardholderInfo",
            "children": [
              {
                "kind": "TypeNominal",
                "name": "String",
                "printedName": "Swift.String",
                "usr": "s:SS"
              }
            ],
            "declKind": "Var",
            "usr": "c:@M@OPPWAMobile_MSA@objc(cs)OPPPaymentStatusResponse(py)resultDetailsCardholderInfo",
            "mangledName": "$s15OPPWAMobile_MSA24OPPPaymentStatusResponseC27resultDetailsCardholderInfoSSvp",
            "moduleName": "OPPWAMobile_MSA",
            "declAttributes": [
              "AccessControl",
              "ObjC"
            ],
            "accessors": [
              {
                "kind": "Accessor",
                "name": "Get",
                "printedName": "Get()",
                "children": [
                  {
                    "kind": "TypeNominal",
                    "name": "String",
                    "printedName": "Swift.String",
                    "usr": "s:SS"
                  }
                ],
                "declKind": "Accessor",
                "usr": "c:@M@OPPWAMobile_MSA@objc(cs)OPPPaymentStatusResponse(im)resultDetailsCardholderInfo",
                "mangledName": "$s15OPPWAMobile_MSA24OPPPaymentStatusResponseC27resultDetailsCardholderInfoSSvg",
                "moduleName": "OPPWAMobile_MSA",
                "declAttributes": [
                  "ObjC"
                ],
                "accessorKind": "get"
              }
            ]
          },
          {
            "kind": "Var",
            "name": "resultPaymentBrand",
            "printedName": "resultPaymentBrand",
            "children": [
              {
                "kind": "TypeNominal",
                "name": "String",
                "printedName": "Swift.String",
                "usr": "s:SS"
              }
            ],
            "declKind": "Var",
            "usr": "c:@M@OPPWAMobile_MSA@objc(cs)OPPPaymentStatusResponse(py)resultPaymentBrand",
            "mangledName": "$s15OPPWAMobile_MSA24OPPPaymentStatusResponseC18resultPaymentBrandSSvp",
            "moduleName": "OPPWAMobile_MSA",
            "declAttributes": [
              "AccessControl",
              "ObjC"
            ],
            "accessors": [
              {
                "kind": "Accessor",
                "name": "Get",
                "printedName": "Get()",
                "children": [
                  {
                    "kind": "TypeNominal",
                    "name": "String",
                    "printedName": "Swift.String",
                    "usr": "s:SS"
                  }
                ],
                "declKind": "Accessor",
                "usr": "c:@M@OPPWAMobile_MSA@objc(cs)OPPPaymentStatusResponse(im)resultPaymentBrand",
                "mangledName": "$s15OPPWAMobile_MSA24OPPPaymentStatusResponseC18resultPaymentBrandSSvg",
                "moduleName": "OPPWAMobile_MSA",
                "declAttributes": [
                  "ObjC"
                ],
                "accessorKind": "get"
              }
            ]
          },
          {
            "kind": "Var",
            "name": "resultRedirectUrl",
            "printedName": "resultRedirectUrl",
            "children": [
              {
                "kind": "TypeNominal",
                "name": "String",
                "printedName": "Swift.String",
                "usr": "s:SS"
              }
            ],
            "declKind": "Var",
            "usr": "c:@M@OPPWAMobile_MSA@objc(cs)OPPPaymentStatusResponse(py)resultRedirectUrl",
            "mangledName": "$s15OPPWAMobile_MSA24OPPPaymentStatusResponseC17resultRedirectUrlSSvp",
            "moduleName": "OPPWAMobile_MSA",
            "declAttributes": [
              "AccessControl",
              "ObjC"
            ],
            "accessors": [
              {
                "kind": "Accessor",
                "name": "Get",
                "printedName": "Get()",
                "children": [
                  {
                    "kind": "TypeNominal",
                    "name": "String",
                    "printedName": "Swift.String",
                    "usr": "s:SS"
                  }
                ],
                "declKind": "Accessor",
                "usr": "c:@M@OPPWAMobile_MSA@objc(cs)OPPPaymentStatusResponse(im)resultRedirectUrl",
                "mangledName": "$s15OPPWAMobile_MSA24OPPPaymentStatusResponseC17resultRedirectUrlSSvg",
                "moduleName": "OPPWAMobile_MSA",
                "declAttributes": [
                  "ObjC"
                ],
                "accessorKind": "get"
              }
            ]
          },
          {
            "kind": "Constructor",
            "name": "init",
            "printedName": "init()",
            "children": [
              {
                "kind": "TypeNominal",
                "name": "OPPPaymentStatusResponse",
                "printedName": "OPPWAMobile_MSA.OPPPaymentStatusResponse",
                "usr": "c:@M@OPPWAMobile_MSA@objc(cs)OPPPaymentStatusResponse"
              }
            ],
            "declKind": "Constructor",
            "usr": "c:@M@OPPWAMobile_MSA@objc(cs)OPPPaymentStatusResponse(im)init",
            "mangledName": "$s15OPPWAMobile_MSA24OPPPaymentStatusResponseCACycfc",
            "moduleName": "OPPWAMobile_MSA",
            "overriding": true,
            "implicit": true,
            "objc_name": "init",
            "declAttributes": [
              "Dynamic",
              "ObjC",
              "Override"
            ],
            "init_kind": "Designated"
          },
          {
            "kind": "Constructor",
            "name": "init",
            "printedName": "init(from:)",
            "children": [
              {
                "kind": "TypeNominal",
                "name": "OPPPaymentStatusResponse",
                "printedName": "OPPWAMobile_MSA.OPPPaymentStatusResponse",
                "usr": "c:@M@OPPWAMobile_MSA@objc(cs)OPPPaymentStatusResponse"
              },
              {
                "kind": "TypeNominal",
                "name": "Decoder",
                "printedName": "any Swift.Decoder",
                "usr": "s:s7DecoderP"
              }
            ],
            "declKind": "Constructor",
            "usr": "s:15OPPWAMobile_MSA24OPPPaymentStatusResponseC4fromACs7Decoder_p_tKcfc",
            "mangledName": "$s15OPPWAMobile_MSA24OPPPaymentStatusResponseC4fromACs7Decoder_p_tKcfc",
            "moduleName": "OPPWAMobile_MSA",
            "implicit": true,
            "declAttributes": [
              "Required"
            ],
            "throwing": true,
            "init_kind": "Designated"
          }
        ],
        "declKind": "Class",
        "usr": "c:@M@OPPWAMobile_MSA@objc(cs)OPPPaymentStatusResponse",
        "mangledName": "$s15OPPWAMobile_MSA24OPPPaymentStatusResponseC",
        "moduleName": "OPPWAMobile_MSA",
        "declAttributes": [
          "AccessControl",
          "ObjC"
        ],
        "superclassUsr": "c:objc(cs)NSObject",
        "inheritsConvenienceInitializers": true,
        "superclassNames": [
          "ObjectiveC.NSObject"
        ],
        "conformances": [
          {
            "kind": "Conformance",
            "name": "Decodable",
            "printedName": "Decodable",
            "usr": "s:Se",
            "mangledName": "$sSe"
          },
          {
            "kind": "Conformance",
            "name": "Copyable",
            "printedName": "Copyable",
            "usr": "s:s8CopyableP",
            "mangledName": "$ss8CopyableP"
          },
          {
            "kind": "Conformance",
            "name": "Escapable",
            "printedName": "Escapable",
            "usr": "s:s9EscapableP",
            "mangledName": "$ss9EscapableP"
          },
          {
            "kind": "Conformance",
            "name": "Equatable",
            "printedName": "Equatable",
            "usr": "s:SQ",
            "mangledName": "$sSQ"
          },
          {
            "kind": "Conformance",
            "name": "Hashable",
            "printedName": "Hashable",
            "usr": "s:SH",
            "mangledName": "$sSH"
          },
          {
            "kind": "Conformance",
            "name": "CVarArg",
            "printedName": "CVarArg",
            "usr": "s:s7CVarArgP",
            "mangledName": "$ss7CVarArgP"
          },
          {
            "kind": "Conformance",
            "name": "_KeyValueCodingAndObservingPublishing",
            "printedName": "_KeyValueCodingAndObservingPublishing",
            "usr": "s:10Foundation37_KeyValueCodingAndObservingPublishingP",
            "mangledName": "$s10Foundation37_KeyValueCodingAndObservingPublishingP"
          },
          {
            "kind": "Conformance",
            "name": "_KeyValueCodingAndObserving",
            "printedName": "_KeyValueCodingAndObserving",
            "usr": "s:10Foundation27_KeyValueCodingAndObservingP",
            "mangledName": "$s10Foundation27_KeyValueCodingAndObservingP"
          },
          {
            "kind": "Conformance",
            "name": "CustomStringConvertible",
            "printedName": "CustomStringConvertible",
            "usr": "s:s23CustomStringConvertibleP",
            "mangledName": "$ss23CustomStringConvertibleP"
          },
          {
            "kind": "Conformance",
            "name": "CustomDebugStringConvertible",
            "printedName": "CustomDebugStringConvertible",
            "usr": "s:s28CustomDebugStringConvertibleP",
            "mangledName": "$ss28CustomDebugStringConvertibleP"
          }
        ]
      },
      {
        "kind": "Import",
        "name": "Foundation",
        "printedName": "Foundation",
        "declKind": "Import",
        "moduleName": "OPPWAMobile_MSA",
        "declAttributes": [
          "RawDocComment"
        ]
      },
      {
        "kind": "Import",
        "name": "Foundation",
        "printedName": "Foundation",
        "declKind": "Import",
        "moduleName": "OPPWAMobile_MSA",
        "declAttributes": [
          "RawDocComment"
        ]
      },
      {
        "kind": "TypeDecl",
        "name": "OPPRequestServerMode",
        "printedName": "OPPRequestServerMode",
        "children": [
          {
            "kind": "Var",
            "name": "test",
            "printedName": "test",
            "children": [
              {
                "kind": "TypeFunc",
                "name": "Function",
                "printedName": "(OPPWAMobile_MSA.OPPRequestServerMode.Type) -> OPPWAMobile_MSA.OPPRequestServerMode",
                "children": [
                  {
                    "kind": "TypeNominal",
                    "name": "OPPRequestServerMode",
                    "printedName": "OPPWAMobile_MSA.OPPRequestServerMode",
                    "usr": "c:@M@OPPWAMobile_MSA@E@OPPRequestServerMode"
                  },
                  {
                    "kind": "TypeNominal",
                    "name": "Metatype",
                    "printedName": "OPPWAMobile_MSA.OPPRequestServerMode.Type",
                    "children": [
                      {
                        "kind": "TypeNominal",
                        "name": "OPPRequestServerMode",
                        "printedName": "OPPWAMobile_MSA.OPPRequestServerMode",
                        "usr": "c:@M@OPPWAMobile_MSA@E@OPPRequestServerMode"
                      }
                    ]
                  }
                ]
              }
            ],
            "declKind": "EnumElement",
            "usr": "c:@M@OPPWAMobile_MSA@E@OPPRequestServerMode@OPPRequestServerModeTest",
            "mangledName": "$s15OPPWAMobile_MSA20OPPRequestServerModeO4testyA2CmF",
            "moduleName": "OPPWAMobile_MSA",
            "declAttributes": [
              "ObjC"
            ],
            "fixedbinaryorder": 0
          },
          {
            "kind": "Var",
            "name": "live",
            "printedName": "live",
            "children": [
              {
                "kind": "TypeFunc",
                "name": "Function",
                "printedName": "(OPPWAMobile_MSA.OPPRequestServerMode.Type) -> OPPWAMobile_MSA.OPPRequestServerMode",
                "children": [
                  {
                    "kind": "TypeNominal",
                    "name": "OPPRequestServerMode",
                    "printedName": "OPPWAMobile_MSA.OPPRequestServerMode",
                    "usr": "c:@M@OPPWAMobile_MSA@E@OPPRequestServerMode"
                  },
                  {
                    "kind": "TypeNominal",
                    "name": "Metatype",
                    "printedName": "OPPWAMobile_MSA.OPPRequestServerMode.Type",
                    "children": [
                      {
                        "kind": "TypeNominal",
                        "name": "OPPRequestServerMode",
                        "printedName": "OPPWAMobile_MSA.OPPRequestServerMode",
                        "usr": "c:@M@OPPWAMobile_MSA@E@OPPRequestServerMode"
                      }
                    ]
                  }
                ]
              }
            ],
            "declKind": "EnumElement",
            "usr": "c:@M@OPPWAMobile_MSA@E@OPPRequestServerMode@OPPRequestServerModeLive",
            "mangledName": "$s15OPPWAMobile_MSA20OPPRequestServerModeO4liveyA2CmF",
            "moduleName": "OPPWAMobile_MSA",
            "declAttributes": [
              "ObjC"
            ],
            "fixedbinaryorder": 1
          },
          {
            "kind": "Constructor",
            "name": "init",
            "printedName": "init(rawValue:)",
            "children": [
              {
                "kind": "TypeNominal",
                "name": "Optional",
                "printedName": "OPPWAMobile_MSA.OPPRequestServerMode?",
                "children": [
                  {
                    "kind": "TypeNominal",
                    "name": "OPPRequestServerMode",
                    "printedName": "OPPWAMobile_MSA.OPPRequestServerMode",
                    "usr": "c:@M@OPPWAMobile_MSA@E@OPPRequestServerMode"
                  }
                ],
                "usr": "s:Sq"
              },
              {
                "kind": "TypeNominal",
                "name": "Int",
                "printedName": "Swift.Int",
                "usr": "s:Si"
              }
            ],
            "declKind": "Constructor",
            "usr": "s:15OPPWAMobile_MSA20OPPRequestServerModeO8rawValueACSgSi_tcfc",
            "mangledName": "$s15OPPWAMobile_MSA20OPPRequestServerModeO8rawValueACSgSi_tcfc",
            "moduleName": "OPPWAMobile_MSA",
            "implicit": true,
            "init_kind": "Designated"
          },
          {
            "kind": "Var",
            "name": "rawValue",
            "printedName": "rawValue",
            "children": [
              {
                "kind": "TypeNominal",
                "name": "Int",
                "printedName": "Swift.Int",
                "usr": "s:Si"
              }
            ],
            "declKind": "Var",
            "usr": "s:15OPPWAMobile_MSA20OPPRequestServerModeO8rawValueSivp",
            "mangledName": "$s15OPPWAMobile_MSA20OPPRequestServerModeO8rawValueSivp",
            "moduleName": "OPPWAMobile_MSA",
            "implicit": true,
            "accessors": [
              {
                "kind": "Accessor",
                "name": "Get",
                "printedName": "Get()",
                "children": [
                  {
                    "kind": "TypeNominal",
                    "name": "Int",
                    "printedName": "Swift.Int",
                    "usr": "s:Si"
                  }
                ],
                "declKind": "Accessor",
                "usr": "s:15OPPWAMobile_MSA20OPPRequestServerModeO8rawValueSivg",
                "mangledName": "$s15OPPWAMobile_MSA20OPPRequestServerModeO8rawValueSivg",
                "moduleName": "OPPWAMobile_MSA",
                "implicit": true,
                "accessorKind": "get"
              }
            ]
          }
        ],
        "declKind": "Enum",
        "usr": "c:@M@OPPWAMobile_MSA@E@OPPRequestServerMode",
        "mangledName": "$s15OPPWAMobile_MSA20OPPRequestServerModeO",
        "moduleName": "OPPWAMobile_MSA",
        "declAttributes": [
          "AccessControl",
          "ObjC"
        ],
        "enumRawTypeName": "Int",
        "conformances": [
          {
            "kind": "Conformance",
            "name": "Copyable",
            "printedName": "Copyable",
            "usr": "s:s8CopyableP",
            "mangledName": "$ss8CopyableP"
          },
          {
            "kind": "Conformance",
            "name": "Escapable",
            "printedName": "Escapable",
            "usr": "s:s9EscapableP",
            "mangledName": "$ss9EscapableP"
          },
          {
            "kind": "Conformance",
            "name": "Equatable",
            "printedName": "Equatable",
            "usr": "s:SQ",
            "mangledName": "$sSQ"
          },
          {
            "kind": "Conformance",
            "name": "Hashable",
            "printedName": "Hashable",
            "usr": "s:SH",
            "mangledName": "$sSH"
          },
          {
            "kind": "Conformance",
            "name": "RawRepresentable",
            "printedName": "RawRepresentable",
            "children": [
              {
                "kind": "TypeWitness",
                "name": "RawValue",
                "printedName": "RawValue",
                "children": [
                  {
                    "kind": "TypeNominal",
                    "name": "Int",
                    "printedName": "Swift.Int",
                    "usr": "s:Si"
                  }
                ]
              }
            ],
            "usr": "s:SY",
            "mangledName": "$sSY"
          }
        ]
      },
      {
        "kind": "TypeDecl",
        "name": "OPPMerchantServer",
        "printedName": "OPPMerchantServer",
        "children": [
          {
            "kind": "Function",
            "name": "requestCheckoutId",
            "printedName": "requestCheckoutId(amount:currency:paymentType:serverMode:extraParameters:completionHandler:)",
            "children": [
              {
                "kind": "TypeNominal",
                "name": "Void",
                "printedName": "()"
              },
              {
                "kind": "TypeNominal",
                "name": "Double",
                "printedName": "Swift.Double",
                "usr": "s:Sd"
              },
              {
                "kind": "TypeNominal",
                "name": "String",
                "printedName": "Swift.String",
                "usr": "s:SS"
              },
              {
                "kind": "TypeNominal",
                "name": "Optional",
                "printedName": "Swift.String?",
                "children": [
                  {
                    "kind": "TypeNominal",
                    "name": "String",
                    "printedName": "Swift.String",
                    "usr": "s:SS"
                  }
                ],
                "usr": "s:Sq"
              },
              {
                "kind": "TypeNominal",
                "name": "OPPRequestServerMode",
                "printedName": "OPPWAMobile_MSA.OPPRequestServerMode",
                "usr": "c:@M@OPPWAMobile_MSA@E@OPPRequestServerMode"
              },
              {
                "kind": "TypeNominal",
                "name": "Optional",
                "printedName": "[Swift.String : Swift.String]?",
                "children": [
                  {
                    "kind": "TypeNominal",
                    "name": "Dictionary",
                    "printedName": "[Swift.String : Swift.String]",
                    "children": [
                      {
                        "kind": "TypeNominal",
                        "name": "String",
                        "printedName": "Swift.String",
                        "usr": "s:SS"
                      },
                      {
                        "kind": "TypeNominal",
                        "name": "String",
                        "printedName": "Swift.String",
                        "usr": "s:SS"
                      }
                    ],
                    "usr": "s:SD"
                  }
                ],
                "usr": "s:Sq"
              },
              {
                "kind": "TypeFunc",
                "name": "Function",
                "printedName": "(Swift.String?, (any Swift.Error)?) -> ()",
                "children": [
                  {
                    "kind": "TypeNominal",
                    "name": "Void",
                    "printedName": "()"
                  },
                  {
                    "kind": "TypeNominal",
                    "name": "Tuple",
                    "printedName": "(Swift.String?, (any Swift.Error)?)",
                    "children": [
                      {
                        "kind": "TypeNominal",
                        "name": "Optional",
                        "printedName": "Swift.String?",
                        "children": [
                          {
                            "kind": "TypeNominal",
                            "name": "String",
                            "printedName": "Swift.String",
                            "usr": "s:SS"
                          }
                        ],
                        "usr": "s:Sq"
                      },
                      {
                        "kind": "TypeNominal",
                        "name": "Optional",
                        "printedName": "(any Swift.Error)?",
                        "children": [
                          {
                            "kind": "TypeNominal",
                            "name": "Error",
                            "printedName": "any Swift.Error",
                            "usr": "s:s5ErrorP"
                          }
                        ],
                        "usr": "s:Sq"
                      }
                    ]
                  }
                ]
              }
            ],
            "declKind": "Func",
            "usr": "c:@M@OPPWAMobile_MSA@objc(cs)OPPMerchantServer(cm)requestCheckoutIdWithAmount:currency:paymentType:serverMode:extraParameters:completionHandler:",
            "mangledName": "$s15OPPWAMobile_MSA17OPPMerchantServerC17requestCheckoutId6amount8currency11paymentType10serverMode15extraParameters17completionHandlerySd_S2SSgAA010OPPRequestdM0OSDyS2SGSgyAK_s5Error_pSgtctFZ",
            "moduleName": "OPPWAMobile_MSA",
            "static": true,
            "objc_name": "requestCheckoutIdWithAmount:currency:paymentType:serverMode:extraParameters:completionHandler:",
            "declAttributes": [
              "Final",
              "AccessControl",
              "ObjC",
              "RawDocComment"
            ],
            "funcSelfKind": "NonMutating"
          },
          {
            "kind": "Function",
            "name": "requestPaymentStatus",
            "printedName": "requestPaymentStatus(resourcePath:completion:)",
            "children": [
              {
                "kind": "TypeNominal",
                "name": "Void",
                "printedName": "()"
              },
              {
                "kind": "TypeNominal",
                "name": "String",
                "printedName": "Swift.String",
                "usr": "s:SS"
              },
              {
                "kind": "TypeFunc",
                "name": "Function",
                "printedName": "(OPPWAMobile_MSA.OPPPaymentStatusResponse?, (any Swift.Error)?) -> ()",
                "children": [
                  {
                    "kind": "TypeNominal",
                    "name": "Void",
                    "printedName": "()"
                  },
                  {
                    "kind": "TypeNominal",
                    "name": "Tuple",
                    "printedName": "(OPPWAMobile_MSA.OPPPaymentStatusResponse?, (any Swift.Error)?)",
                    "children": [
                      {
                        "kind": "TypeNominal",
                        "name": "Optional",
                        "printedName": "OPPWAMobile_MSA.OPPPaymentStatusResponse?",
                        "children": [
                          {
                            "kind": "TypeNominal",
                            "name": "OPPPaymentStatusResponse",
                            "printedName": "OPPWAMobile_MSA.OPPPaymentStatusResponse",
                            "usr": "c:@M@OPPWAMobile_MSA@objc(cs)OPPPaymentStatusResponse"
                          }
                        ],
                        "usr": "s:Sq"
                      },
                      {
                        "kind": "TypeNominal",
                        "name": "Optional",
                        "printedName": "(any Swift.Error)?",
                        "children": [
                          {
                            "kind": "TypeNominal",
                            "name": "Error",
                            "printedName": "any Swift.Error",
                            "usr": "s:s5ErrorP"
                          }
                        ],
                        "usr": "s:Sq"
                      }
                    ]
                  }
                ]
              }
            ],
            "declKind": "Func",
            "usr": "c:@M@OPPWAMobile_MSA@objc(cs)OPPMerchantServer(cm)requestPaymentStatusWithResourcePath:completion:",
            "mangledName": "$s15OPPWAMobile_MSA17OPPMerchantServerC20requestPaymentStatus12resourcePath10completionySS_yAA010OPPPaymentG8ResponseCSg_s5Error_pSgtctFZ",
            "moduleName": "OPPWAMobile_MSA",
            "static": true,
            "objc_name": "requestPaymentStatusWithResourcePath:completion:",
            "declAttributes": [
              "Final",
              "AccessControl",
              "ObjC",
              "RawDocComment"
            ],
            "funcSelfKind": "NonMutating"
          },
          {
            "kind": "Function",
            "name": "finalizePayPalContinue",
            "printedName": "finalizePayPalContinue(checkoutId:response:completion:)",
            "children": [
              {
                "kind": "TypeNominal",
                "name": "Void",
                "printedName": "()"
              },
              {
                "kind": "TypeNominal",
                "name": "String",
                "printedName": "Swift.String",
                "usr": "s:SS"
              },
              {
                "kind": "TypeNominal",
                "name": "OPPPaymentStatusResponse",
                "printedName": "OPPWAMobile_MSA.OPPPaymentStatusResponse",
                "usr": "c:@M@OPPWAMobile_MSA@objc(cs)OPPPaymentStatusResponse"
              },
              {
                "kind": "TypeFunc",
                "name": "Function",
                "printedName": "(OPPWAMobile_MSA.OPPPaymentStatusResponse?, (any Swift.Error)?) -> ()",
                "children": [
                  {
                    "kind": "TypeNominal",
                    "name": "Void",
                    "printedName": "()"
                  },
                  {
                    "kind": "TypeNominal",
                    "name": "Tuple",
                    "printedName": "(OPPWAMobile_MSA.OPPPaymentStatusResponse?, (any Swift.Error)?)",
                    "children": [
                      {
                        "kind": "TypeNominal",
                        "name": "Optional",
                        "printedName": "OPPWAMobile_MSA.OPPPaymentStatusResponse?",
                        "children": [
                          {
                            "kind": "TypeNominal",
                            "name": "OPPPaymentStatusResponse",
                            "printedName": "OPPWAMobile_MSA.OPPPaymentStatusResponse",
                            "usr": "c:@M@OPPWAMobile_MSA@objc(cs)OPPPaymentStatusResponse"
                          }
                        ],
                        "usr": "s:Sq"
                      },
                      {
                        "kind": "TypeNominal",
                        "name": "Optional",
                        "printedName": "(any Swift.Error)?",
                        "children": [
                          {
                            "kind": "TypeNominal",
                            "name": "Error",
                            "printedName": "any Swift.Error",
                            "usr": "s:s5ErrorP"
                          }
                        ],
                        "usr": "s:Sq"
                      }
                    ]
                  }
                ]
              }
            ],
            "declKind": "Func",
            "usr": "c:@M@OPPWAMobile_MSA@objc(cs)OPPMerchantServer(cm)finalizePayPalContinueWithCheckoutId:response:completion:",
            "mangledName": "$s15OPPWAMobile_MSA17OPPMerchantServerC22finalizePayPalContinue10checkoutId8response10completionySS_AA24OPPPaymentStatusResponseCyAISg_s5Error_pSgtctFZ",
            "moduleName": "OPPWAMobile_MSA",
            "static": true,
            "objc_name": "finalizePayPalContinueWithCheckoutId:response:completion:",
            "declAttributes": [
              "Final",
              "AccessControl",
              "ObjC"
            ],
            "funcSelfKind": "NonMutating"
          },
          {
            "kind": "Function",
            "name": "finalizeAmazonPay",
            "printedName": "finalizeAmazonPay(checkoutId:response:shopperResultUrl:completion:)",
            "children": [
              {
                "kind": "TypeNominal",
                "name": "Void",
                "printedName": "()"
              },
              {
                "kind": "TypeNominal",
                "name": "String",
                "printedName": "Swift.String",
                "usr": "s:SS"
              },
              {
                "kind": "TypeNominal",
                "name": "OPPPaymentStatusResponse",
                "printedName": "OPPWAMobile_MSA.OPPPaymentStatusResponse",
                "usr": "c:@M@OPPWAMobile_MSA@objc(cs)OPPPaymentStatusResponse"
              },
              {
                "kind": "TypeNominal",
                "name": "String",
                "printedName": "Swift.String",
                "usr": "s:SS"
              },
              {
                "kind": "TypeFunc",
                "name": "Function",
                "printedName": "(OPPWAMobile_MSA.OPPPaymentStatusResponse?, (any Swift.Error)?) -> ()",
                "children": [
                  {
                    "kind": "TypeNominal",
                    "name": "Void",
                    "printedName": "()"
                  },
                  {
                    "kind": "TypeNominal",
                    "name": "Tuple",
                    "printedName": "(OPPWAMobile_MSA.OPPPaymentStatusResponse?, (any Swift.Error)?)",
                    "children": [
                      {
                        "kind": "TypeNominal",
                        "name": "Optional",
                        "printedName": "OPPWAMobile_MSA.OPPPaymentStatusResponse?",
                        "children": [
                          {
                            "kind": "TypeNominal",
                            "name": "OPPPaymentStatusResponse",
                            "printedName": "OPPWAMobile_MSA.OPPPaymentStatusResponse",
                            "usr": "c:@M@OPPWAMobile_MSA@objc(cs)OPPPaymentStatusResponse"
                          }
                        ],
                        "usr": "s:Sq"
                      },
                      {
                        "kind": "TypeNominal",
                        "name": "Optional",
                        "printedName": "(any Swift.Error)?",
                        "children": [
                          {
                            "kind": "TypeNominal",
                            "name": "Error",
                            "printedName": "any Swift.Error",
                            "usr": "s:s5ErrorP"
                          }
                        ],
                        "usr": "s:Sq"
                      }
                    ]
                  }
                ]
              }
            ],
            "declKind": "Func",
            "usr": "c:@M@OPPWAMobile_MSA@objc(cs)OPPMerchantServer(cm)finalizeAmazonPayWithCheckoutId:response:shopperResultUrl:completion:",
            "mangledName": "$s15OPPWAMobile_MSA17OPPMerchantServerC17finalizeAmazonPay10checkoutId8response16shopperResultUrl10completionySS_AA24OPPPaymentStatusResponseCSSyAJSg_s5Error_pSgtctFZ",
            "moduleName": "OPPWAMobile_MSA",
            "static": true,
            "objc_name": "finalizeAmazonPayWithCheckoutId:response:shopperResultUrl:completion:",
            "declAttributes": [
              "Final",
              "AccessControl",
              "ObjC"
            ],
            "funcSelfKind": "NonMutating"
          },
          {
            "kind": "Function",
            "name": "clearCheckoutData",
            "printedName": "clearCheckoutData(checkoutId:)",
            "children": [
              {
                "kind": "TypeNominal",
                "name": "Void",
                "printedName": "()"
              },
              {
                "kind": "TypeNominal",
                "name": "String",
                "printedName": "Swift.String",
                "usr": "s:SS"
              }
            ],
            "declKind": "Func",
            "usr": "c:@M@OPPWAMobile_MSA@objc(cs)OPPMerchantServer(cm)clearCheckoutDataWithCheckoutId:",
            "mangledName": "$s15OPPWAMobile_MSA17OPPMerchantServerC17clearCheckoutData10checkoutIdySS_tFZ",
            "moduleName": "OPPWAMobile_MSA",
            "static": true,
            "objc_name": "clearCheckoutDataWithCheckoutId:",
            "declAttributes": [
              "Final",
              "AccessControl",
              "ObjC"
            ],
            "funcSelfKind": "NonMutating"
          },
          {
            "kind": "Function",
            "name": "isSuccessful",
            "printedName": "isSuccessful(response:)",
            "children": [
              {
                "kind": "TypeNominal",
                "name": "Bool",
                "printedName": "Swift.Bool",
                "usr": "s:Sb"
              },
              {
                "kind": "TypeNominal",
                "name": "Optional",
                "printedName": "OPPWAMobile_MSA.OPPPaymentStatusResponse?",
                "children": [
                  {
                    "kind": "TypeNominal",
                    "name": "OPPPaymentStatusResponse",
                    "printedName": "OPPWAMobile_MSA.OPPPaymentStatusResponse",
                    "usr": "c:@M@OPPWAMobile_MSA@objc(cs)OPPPaymentStatusResponse"
                  }
                ],
                "usr": "s:Sq"
              }
            ],
            "declKind": "Func",
            "usr": "c:@M@OPPWAMobile_MSA@objc(cs)OPPMerchantServer(cm)isSuccessfulWithResponse:",
            "mangledName": "$s15OPPWAMobile_MSA17OPPMerchantServerC12isSuccessful8responseSbAA24OPPPaymentStatusResponseCSg_tFZ",
            "moduleName": "OPPWAMobile_MSA",
            "static": true,
            "objc_name": "isSuccessfulWithResponse:",
            "declAttributes": [
              "Final",
              "AccessControl",
              "ObjC"
            ],
            "funcSelfKind": "NonMutating"
          },
          {
            "kind": "Function",
            "name": "isPending",
            "printedName": "isPending(response:)",
            "children": [
              {
                "kind": "TypeNominal",
                "name": "Bool",
                "printedName": "Swift.Bool",
                "usr": "s:Sb"
              },
              {
                "kind": "TypeNominal",
                "name": "Optional",
                "printedName": "OPPWAMobile_MSA.OPPPaymentStatusResponse?",
                "children": [
                  {
                    "kind": "TypeNominal",
                    "name": "OPPPaymentStatusResponse",
                    "printedName": "OPPWAMobile_MSA.OPPPaymentStatusResponse",
                    "usr": "c:@M@OPPWAMobile_MSA@objc(cs)OPPPaymentStatusResponse"
                  }
                ],
                "usr": "s:Sq"
              }
            ],
            "declKind": "Func",
            "usr": "c:@M@OPPWAMobile_MSA@objc(cs)OPPMerchantServer(cm)isPendingWithResponse:",
            "mangledName": "$s15OPPWAMobile_MSA17OPPMerchantServerC9isPending8responseSbAA24OPPPaymentStatusResponseCSg_tFZ",
            "moduleName": "OPPWAMobile_MSA",
            "static": true,
            "objc_name": "isPendingWithResponse:",
            "declAttributes": [
              "Final",
              "AccessControl",
              "ObjC"
            ],
            "funcSelfKind": "NonMutating"
          }
        ],
        "declKind": "Class",
        "usr": "c:@M@OPPWAMobile_MSA@objc(cs)OPPMerchantServer",
        "mangledName": "$s15OPPWAMobile_MSA17OPPMerchantServerC",
        "moduleName": "OPPWAMobile_MSA",
        "declAttributes": [
          "AccessControl",
          "ObjC"
        ],
        "superclassUsr": "c:objc(cs)NSObject",
        "hasMissingDesignatedInitializers": true,
        "inheritsConvenienceInitializers": true,
        "superclassNames": [
          "ObjectiveC.NSObject"
        ],
        "conformances": [
          {
            "kind": "Conformance",
            "name": "Copyable",
            "printedName": "Copyable",
            "usr": "s:s8CopyableP",
            "mangledName": "$ss8CopyableP"
          },
          {
            "kind": "Conformance",
            "name": "Escapable",
            "printedName": "Escapable",
            "usr": "s:s9EscapableP",
            "mangledName": "$ss9EscapableP"
          },
          {
            "kind": "Conformance",
            "name": "Equatable",
            "printedName": "Equatable",
            "usr": "s:SQ",
            "mangledName": "$sSQ"
          },
          {
            "kind": "Conformance",
            "name": "Hashable",
            "printedName": "Hashable",
            "usr": "s:SH",
            "mangledName": "$sSH"
          },
          {
            "kind": "Conformance",
            "name": "CVarArg",
            "printedName": "CVarArg",
            "usr": "s:s7CVarArgP",
            "mangledName": "$ss7CVarArgP"
          },
          {
            "kind": "Conformance",
            "name": "_KeyValueCodingAndObservingPublishing",
            "printedName": "_KeyValueCodingAndObservingPublishing",
            "usr": "s:10Foundation37_KeyValueCodingAndObservingPublishingP",
            "mangledName": "$s10Foundation37_KeyValueCodingAndObservingPublishingP"
          },
          {
            "kind": "Conformance",
            "name": "_KeyValueCodingAndObserving",
            "printedName": "_KeyValueCodingAndObserving",
            "usr": "s:10Foundation27_KeyValueCodingAndObservingP",
            "mangledName": "$s10Foundation27_KeyValueCodingAndObservingP"
          },
          {
            "kind": "Conformance",
            "name": "CustomStringConvertible",
            "printedName": "CustomStringConvertible",
            "usr": "s:s23CustomStringConvertibleP",
            "mangledName": "$ss23CustomStringConvertibleP"
          },
          {
            "kind": "Conformance",
            "name": "CustomDebugStringConvertible",
            "printedName": "CustomDebugStringConvertible",
            "usr": "s:s28CustomDebugStringConvertibleP",
            "mangledName": "$ss28CustomDebugStringConvertibleP"
          }
        ]
      }
    ],
    "json_format_version": 8
  },
  "ConstValues": [
    {
      "filePath": "\/Users\/jenkins\/.jenkins\/workspace\/iOS_release\/OPPWAMobile\/target\/private\/OPPWAMobile\/OPPWAMobile_MSA\/OPPMerchantServerConfig.swift",
      "kind": "StringLiteral",
      "offset": 156,
      "length": 28,
      "value": "\"https:\/\/eu-test.oppwa.com\/\""
    },
    {
      "filePath": "\/Users\/jenkins\/.jenkins\/workspace\/iOS_release\/OPPWAMobile\/target\/private\/OPPWAMobile\/OPPWAMobile_MSA\/OPPMerchantServerConfig.swift",
      "kind": "StringLiteral",
      "offset": 209,
      "length": 28,
      "value": "\"https:\/\/eu-prod.oppwa.com\/\""
    },
    {
      "filePath": "\/Users\/jenkins\/.jenkins\/workspace\/iOS_release\/OPPWAMobile\/target\/private\/OPPWAMobile\/OPPWAMobile_MSA\/OPPMerchantServerConfig.swift",
      "kind": "Dictionary",
      "offset": 322,
      "length": 170,
      "value": "[(\"authentication.bearer\", \"ZmY4MDgwODEzODUxNmVmNDAxMzg1MjkzNmVjNTAwZjZ8OFhKWGNzak0=\"), (\"authentication.entityId\", \"ff80808138516ef4013852936ec200f2\")]"
    },
    {
      "filePath": "\/Users\/jenkins\/.jenkins\/workspace\/iOS_release\/OPPWAMobile\/target\/private\/OPPWAMobile\/OPPWAMobile_MSA\/OPPMerchantServerConfig.swift",
      "kind": "Dictionary",
      "offset": 550,
      "length": 274,
      "value": "[(\"registrations[0].id\", \"8a82944a57c3d6610157d710b38a37ed\"), (\"registrations[1].id\", \"8ac7a49f774dc63f01774e2425b723d3\"), (\"registrations[2].id\", \"8ac7a49f93bdf2a20193be98f6c24b44\"), (\"registrations[3].id\", \"8ac7a49f93bdf2a20193be9abc544d42\")]"
    },
    {
      "filePath": "\/Users\/jenkins\/.jenkins\/workspace\/iOS_release\/OPPWAMobile\/target\/private\/OPPWAMobile\/OPPWAMobile_MSA\/OPPPaymentStatusResponse.swift",
      "kind": "StringLiteral",
      "offset": 535,
      "length": 2,
      "value": "\"\""
    },
    {
      "filePath": "\/Users\/jenkins\/.jenkins\/workspace\/iOS_release\/OPPWAMobile\/target\/private\/OPPWAMobile\/OPPWAMobile_MSA\/OPPPaymentStatusResponse.swift",
      "kind": "StringLiteral",
      "offset": 612,
      "length": 2,
      "value": "\"\""
    },
    {
      "filePath": "\/Users\/jenkins\/.jenkins\/workspace\/iOS_release\/OPPWAMobile\/target\/private\/OPPWAMobile\/OPPWAMobile_MSA\/OPPPaymentStatusResponse.swift",
      "kind": "StringLiteral",
      "offset": 708,
      "length": 2,
      "value": "\"\""
    },
    {
      "filePath": "\/Users\/jenkins\/.jenkins\/workspace\/iOS_release\/OPPWAMobile\/target\/private\/OPPWAMobile\/OPPWAMobile_MSA\/OPPPaymentStatusResponse.swift",
      "kind": "StringLiteral",
      "offset": 779,
      "length": 2,
      "value": "\"\""
    },
    {
      "filePath": "\/Users\/jenkins\/.jenkins\/workspace\/iOS_release\/OPPWAMobile\/target\/private\/OPPWAMobile\/OPPWAMobile_MSA\/OPPPaymentStatusResponse.swift",
      "kind": "StringLiteral",
      "offset": 850,
      "length": 2,
      "value": "\"\""
    },
    {
      "filePath": "\/Users\/jenkins\/.jenkins\/workspace\/iOS_release\/OPPWAMobile\/target\/private\/OPPWAMobile\/OPPWAMobile_MSA\/OPPMerchantServerUtils.swift",
      "kind": "StringLiteral",
      "offset": 138,
      "length": 25,
      "value": "\"authentication.entityId\""
    },
    {
      "filePath": "\/Users\/jenkins\/.jenkins\/workspace\/iOS_release\/OPPWAMobile\/target\/private\/OPPWAMobile\/OPPWAMobile_MSA\/OPPMerchantServerUtils.swift",
      "kind": "StringLiteral",
      "offset": 196,
      "length": 23,
      "value": "\"authentication.userId\""
    },
    {
      "filePath": "\/Users\/jenkins\/.jenkins\/workspace\/iOS_release\/OPPWAMobile\/target\/private\/OPPWAMobile\/OPPWAMobile_MSA\/OPPMerchantServerUtils.swift",
      "kind": "StringLiteral",
      "offset": 254,
      "length": 25,
      "value": "\"authentication.password\""
    },
    {
      "filePath": "\/Users\/jenkins\/.jenkins\/workspace\/iOS_release\/OPPWAMobile\/target\/private\/OPPWAMobile\/OPPWAMobile_MSA\/OPPMerchantServerUtils.swift",
      "kind": "StringLiteral",
      "offset": 312,
      "length": 23,
      "value": "\"authentication.bearer\""
    },
    {
      "filePath": "\/Users\/jenkins\/.jenkins\/workspace\/iOS_release\/OPPWAMobile\/target\/private\/OPPWAMobile\/OPPWAMobile_MSA\/OPPMerchantServerUtils.swift",
      "kind": "StringLiteral",
      "offset": 371,
      "length": 36,
      "value": "\"customParameters[USE_3D_SIMULATOR]\""
    },
    {
      "filePath": "\/Users\/jenkins\/.jenkins\/workspace\/iOS_release\/OPPWAMobile\/target\/private\/OPPWAMobile\/OPPWAMobile_MSA\/OPPMerchantServer.swift",
      "kind": "IntegerLiteral",
      "offset": 137,
      "length": 4,
      "value": "1"
    },
    {
      "filePath": "\/Users\/jenkins\/.jenkins\/workspace\/iOS_release\/OPPWAMobile\/target\/private\/OPPWAMobile\/OPPWAMobile_MSA\/OPPMerchantServer.swift",
      "kind": "StringLiteral",
      "offset": 447,
      "length": 69,
      "value": "\"^(000\\.000\\..*|000\\.100\\.1.*|000\\.[36].*|000\\.400\\.[1][12]0)\""
    },
    {
      "filePath": "\/Users\/jenkins\/.jenkins\/workspace\/iOS_release\/OPPWAMobile\/target\/private\/OPPWAMobile\/OPPWAMobile_MSA\/OPPMerchantServer.swift",
      "kind": "StringLiteral",
      "offset": 547,
      "length": 36,
      "value": "\"^(800\\.400\\.5.*|100\\.400\\.500)\""
    }
  ]
}